date,price_mwh,volume_mwh,region,season
2022-01-01,45.03,1476.0,Mid-Columbia (Mid-C),Winter
2022-01-02,49.04,1697.0,Mid-Columbia (Mid-C),Winter
2022-01-03,47.49,1958.0,Mid-Columbia (Mid-C),Winter
2022-01-04,52.42,1393.0,Mid-Columbia (Mid-C),Winter
2022-01-05,63.76,1738.0,Mid-Columbia (Mid-C),Winter
2022-01-06,59.69,1668.0,Mid-Columbia (Mid-C),Winter
2022-01-07,56.11,2176.0,Mid-Columbia (Mid-C),Winter
2022-01-08,67.47,1349.0,Mid-Columbia (Mid-C),Winter
2022-01-09,70.98,1739.0,Mid-Columbia (Mid-C),Winter
2022-01-10,64.17,1012.0,Mid-Columbia (Mid-C),Winter
2022-01-11,66.27,1351.0,Mid-Columbia (Mid-C),Winter
2022-01-12,60.08,1606.0,Mid-Columbia (Mid-C),Winter
2022-01-13,54.61,1918.0,Mid-Columbia (Mid-C),Winter
2022-01-14,55.47,1132.0,Mid-Columbia (Mid-C),Winter
2022-01-15,38.98,1736.0,Mid-Columbia (Mid-C),Winter
2022-01-16,25.97,1481.0,Mid-Columbia (Mid-C),Winter
2022-01-17,23.83,1044.0,Mid-Columbia (Mid-C),Winter
2022-01-18,18.34,1554.0,Mid-Columbia (Mid-C),Winter
2022-01-19,24.12,2013.0,Mid-Columbia (Mid-C),Winter
2022-01-20,19.44,1164.0,Mid-Columbia (Mid-C),Winter
2022-01-21,11.28,1467.0,Mid-Columbia (Mid-C),Winter
2022-01-22,27.12,1204.0,Mid-Columbia (Mid-C),Winter
2022-01-23,27.52,1359.0,Mid-Columbia (Mid-C),Winter
2022-01-24,30.22,1930.0,Mid-Columbia (Mid-C),Winter
2022-01-25,20.66,1419.0,Mid-Columbia (Mid-C),Winter
2022-01-26,19.28,1920.0,Mid-Columbia (Mid-C),Winter
2022-01-27,23.31,1833.0,Mid-Columbia (Mid-C),Winter
2022-01-28,16.76,1391.0,Mid-Columbia (Mid-C),Winter
2022-01-29,23.2,1349.0,Mid-Columbia (Mid-C),Winter
2022-01-30,21.05,1231.0,Mid-Columbia (Mid-C),Winter
2022-01-31,21.63,1221.0,Mid-Columbia (Mid-C),Winter
2022-02-01,19.65,1606.0,Mid-Columbia (Mid-C),Winter
2022-02-02,37.53,1494.0,Mid-Columbia (Mid-C),Winter
2022-02-03,38.34,1313.0,Mid-Columbia (Mid-C),Winter
2022-02-04,30.69,1035.0,Mid-Columbia (Mid-C),Winter
2022-02-05,38.99,1532.0,Mid-Columbia (Mid-C),Winter
2022-02-06,138.05,1359.0,Mid-Columbia (Mid-C),Winter
2022-02-07,33.4,1441.0,Mid-Columbia (Mid-C),Winter
2022-02-08,19.09,1591.0,Mid-Columbia (Mid-C),Winter
2022-02-09,11.54,749.0,Mid-Columbia (Mid-C),Winter
2022-02-10,17.09,1040.0,Mid-Columbia (Mid-C),Winter
2022-02-11,26.3,2189.0,Mid-Columbia (Mid-C),Winter
2022-02-12,29.85,1348.0,Mid-Columbia (Mid-C),Winter
2022-02-13,30.67,745.0,Mid-Columbia (Mid-C),Winter
2022-02-14,59.58,1065.0,Mid-Columbia (Mid-C),Winter
2022-02-15,19.78,2245.0,Mid-Columbia (Mid-C),Winter
2022-02-16,16.94,1289.0,Mid-Columbia (Mid-C),Winter
2022-02-17,16.5,1848.0,Mid-Columbia (Mid-C),Winter
2022-02-18,28.25,1536.0,Mid-Columbia (Mid-C),Winter
2022-02-19,32.86,1355.0,Mid-Columbia (Mid-C),Winter
2022-02-20,20.05,1733.0,Mid-Columbia (Mid-C),Winter
2022-02-21,25.46,785.0,Mid-Columbia (Mid-C),Winter
2022-02-22,28.63,1068.0,Mid-Columbia (Mid-C),Winter
2022-02-23,21.37,1352.0,Mid-Columbia (Mid-C),Winter
2022-02-24,28.88,1097.0,Mid-Columbia (Mid-C),Winter
2022-02-25,38.83,1326.0,Mid-Columbia (Mid-C),Winter
2022-02-26,46.77,1756.0,Mid-Columbia (Mid-C),Winter
2022-02-27,39.58,1540.0,Mid-Columbia (Mid-C),Winter
2022-02-28,37.47,1899.0,Mid-Columbia (Mid-C),Winter
2022-03-01,40.73,1559.0,Mid-Columbia (Mid-C),Spring
2022-03-02,48.73,1798.0,Mid-Columbia (Mid-C),Spring
2022-03-03,44.11,1481.0,Mid-Columbia (Mid-C),Spring
2022-03-04,42.39,1323.0,Mid-Columbia (Mid-C),Spring
2022-03-05,33.48,1944.0,Mid-Columbia (Mid-C),Spring
2022-03-06,24.91,1287.0,Mid-Columbia (Mid-C),Spring
2022-03-07,33.42,1603.0,Mid-Columbia (Mid-C),Spring
2022-03-08,45.24,1731.0,Mid-Columbia (Mid-C),Spring
2022-03-09,44.2,1752.0,Mid-Columbia (Mid-C),Spring
2022-03-10,51.87,1150.0,Mid-Columbia (Mid-C),Spring
2022-03-11,53.46,1816.0,Mid-Columbia (Mid-C),Spring
2022-03-12,46.79,1206.0,Mid-Columbia (Mid-C),Spring
2022-03-13,48.96,1743.0,Mid-Columbia (Mid-C),Spring
2022-03-14,60.26,1661.0,Mid-Columbia (Mid-C),Spring
2022-03-15,57.6,1746.0,Mid-Columbia (Mid-C),Spring
2022-03-16,68.04,1138.0,Mid-Columbia (Mid-C),Spring
2022-03-17,43.73,1676.0,Mid-Columbia (Mid-C),Spring
2022-03-18,49.86,1826.0,Mid-Columbia (Mid-C),Spring
2022-03-19,49.35,1558.0,Mid-Columbia (Mid-C),Spring
2022-03-20,45.8,1254.0,Mid-Columbia (Mid-C),Spring
2022-03-21,45.78,1776.0,Mid-Columbia (Mid-C),Spring
2022-03-22,29.12,1534.0,Mid-Columbia (Mid-C),Spring
2022-03-23,28.58,998.0,Mid-Columbia (Mid-C),Spring
2022-03-24,32.7,1231.0,Mid-Columbia (Mid-C),Spring
2022-03-25,45.27,1342.0,Mid-Columbia (Mid-C),Spring
2022-03-26,40.35,1952.0,Mid-Columbia (Mid-C),Spring
2022-03-27,33.68,1899.0,Mid-Columbia (Mid-C),Spring
2022-03-28,30.25,1898.0,Mid-Columbia (Mid-C),Spring
2022-03-29,38.55,1570.0,Mid-Columbia (Mid-C),Spring
2022-03-30,41.15,1774.0,Mid-Columbia (Mid-C),Spring
2022-03-31,36.55,1158.0,Mid-Columbia (Mid-C),Spring
2022-04-01,40.83,1502.0,Mid-Columbia (Mid-C),Spring
2022-04-02,41.26,1635.0,Mid-Columbia (Mid-C),Spring
2022-04-03,48.59,1178.0,Mid-Columbia (Mid-C),Spring
2022-04-04,41.66,1563.0,Mid-Columbia (Mid-C),Spring
2022-04-05,38.54,2006.0,Mid-Columbia (Mid-C),Spring
2022-04-06,36.1,1668.0,Mid-Columbia (Mid-C),Spring
2022-04-07,23.81,1775.0,Mid-Columbia (Mid-C),Spring
2022-04-08,27.79,764.0,Mid-Columbia (Mid-C),Spring
2022-04-09,30.99,1967.0,Mid-Columbia (Mid-C),Spring
2022-04-10,31.76,1444.0,Mid-Columbia (Mid-C),Spring
2022-04-11,30.5,1269.0,Mid-Columbia (Mid-C),Spring
2022-04-12,19.94,1448.0,Mid-Columbia (Mid-C),Spring
2022-04-13,18.59,1054.0,Mid-Columbia (Mid-C),Spring
2022-04-14,18.02,1814.0,Mid-Columbia (Mid-C),Spring
2022-04-15,13.83,1399.0,Mid-Columbia (Mid-C),Spring
2022-04-16,15.27,1278.0,Mid-Columbia (Mid-C),Spring
2022-04-17,21.05,1450.0,Mid-Columbia (Mid-C),Spring
2022-04-18,37.98,1835.0,Mid-Columbia (Mid-C),Spring
2022-04-19,39.18,1539.0,Mid-Columbia (Mid-C),Spring
2022-04-20,40.9,1077.0,Mid-Columbia (Mid-C),Spring
2022-04-21,39.75,1639.0,Mid-Columbia (Mid-C),Spring
2022-04-22,23.98,1221.0,Mid-Columbia (Mid-C),Spring
2022-04-23,25.23,853.0,Mid-Columbia (Mid-C),Spring
2022-04-24,27.03,1949.0,Mid-Columbia (Mid-C),Spring
2022-04-25,47.83,1637.0,Mid-Columbia (Mid-C),Spring
2022-04-26,44.89,1477.0,Mid-Columbia (Mid-C),Spring
2022-04-27,46.26,1396.0,Mid-Columbia (Mid-C),Spring
2022-04-28,44.77,1919.0,Mid-Columbia (Mid-C),Spring
2022-04-29,34.38,2426.0,Mid-Columbia (Mid-C),Spring
2022-04-30,43.74,1635.0,Mid-Columbia (Mid-C),Spring
2022-05-01,48.85,1191.0,Mid-Columbia (Mid-C),Spring
2022-05-02,53.66,1454.0,Mid-Columbia (Mid-C),Spring
2022-05-03,44.29,1629.0,Mid-Columbia (Mid-C),Spring
2022-05-04,54.55,795.0,Mid-Columbia (Mid-C),Spring
2022-05-05,41.15,1600.0,Mid-Columbia (Mid-C),Spring
2022-05-06,45.27,1631.0,Mid-Columbia (Mid-C),Spring
2022-05-07,61.73,1898.0,Mid-Columbia (Mid-C),Spring
2022-05-08,50.77,1867.0,Mid-Columbia (Mid-C),Spring
2022-05-09,44.53,1533.0,Mid-Columbia (Mid-C),Spring
2022-05-10,44.38,1954.0,Mid-Columbia (Mid-C),Spring
2022-05-11,39.43,2111.0,Mid-Columbia (Mid-C),Spring
2022-05-12,26.7,1508.0,Mid-Columbia (Mid-C),Spring
2022-05-13,28.47,1625.0,Mid-Columbia (Mid-C),Spring
2022-05-14,20.99,970.0,Mid-Columbia (Mid-C),Spring
2022-05-15,26.71,1065.0,Mid-Columbia (Mid-C),Spring
2022-05-16,20.61,1249.0,Mid-Columbia (Mid-C),Spring
2022-05-17,35.01,1367.0,Mid-Columbia (Mid-C),Spring
2022-05-18,29.03,1171.0,Mid-Columbia (Mid-C),Spring
2022-05-19,27.47,1489.0,Mid-Columbia (Mid-C),Spring
2022-05-20,35.21,1376.0,Mid-Columbia (Mid-C),Spring
2022-05-21,25.67,1821.0,Mid-Columbia (Mid-C),Spring
2022-05-22,28.96,1358.0,Mid-Columbia (Mid-C),Spring
2022-05-23,40.52,814.0,Mid-Columbia (Mid-C),Spring
2022-05-24,27.38,1538.0,Mid-Columbia (Mid-C),Spring
2022-05-25,30.18,1496.0,Mid-Columbia (Mid-C),Spring
2022-05-26,33.27,1241.0,Mid-Columbia (Mid-C),Spring
2022-05-27,40.18,1528.0,Mid-Columbia (Mid-C),Spring
2022-05-28,30.13,1177.0,Mid-Columbia (Mid-C),Spring
2022-05-29,20.65,1599.0,Mid-Columbia (Mid-C),Spring
2022-05-30,27.06,2290.0,Mid-Columbia (Mid-C),Spring
2022-05-31,30.92,958.0,Mid-Columbia (Mid-C),Spring
2022-06-01,33.98,1345.0,Mid-Columbia (Mid-C),Summer
2022-06-02,37.45,1297.0,Mid-Columbia (Mid-C),Summer
2022-06-03,32.33,1370.0,Mid-Columbia (Mid-C),Summer
2022-06-04,35.14,1806.0,Mid-Columbia (Mid-C),Summer
2022-06-05,38.12,1663.0,Mid-Columbia (Mid-C),Summer
2022-06-06,32.71,1755.0,Mid-Columbia (Mid-C),Summer
2022-06-07,48.62,1509.0,Mid-Columbia (Mid-C),Summer
2022-06-08,51.51,1103.0,Mid-Columbia (Mid-C),Summer
2022-06-09,40.76,1166.0,Mid-Columbia (Mid-C),Summer
2022-06-10,46.11,1724.0,Mid-Columbia (Mid-C),Summer
2022-06-11,37.8,1551.0,Mid-Columbia (Mid-C),Summer
2022-06-12,44.6,1878.0,Mid-Columbia (Mid-C),Summer
2022-06-13,53.59,1588.0,Mid-Columbia (Mid-C),Summer
2022-06-14,45.69,1145.0,Mid-Columbia (Mid-C),Summer
2022-06-15,53.04,1343.0,Mid-Columbia (Mid-C),Summer
2022-06-16,55.14,1669.0,Mid-Columbia (Mid-C),Summer
2022-06-17,60.28,1713.0,Mid-Columbia (Mid-C),Summer
2022-06-18,73.44,1757.0,Mid-Columbia (Mid-C),Summer
2022-06-19,67.91,1185.0,Mid-Columbia (Mid-C),Summer
2022-06-20,59.0,1140.0,Mid-Columbia (Mid-C),Summer
2022-06-21,50.11,1443.0,Mid-Columbia (Mid-C),Summer
2022-06-22,42.9,1932.0,Mid-Columbia (Mid-C),Summer
2022-06-23,42.5,1292.0,Mid-Columbia (Mid-C),Summer
2022-06-24,45.52,1636.0,Mid-Columbia (Mid-C),Summer
2022-06-25,47.69,1637.0,Mid-Columbia (Mid-C),Summer
2022-06-26,54.04,1728.0,Mid-Columbia (Mid-C),Summer
2022-06-27,53.14,1999.0,Mid-Columbia (Mid-C),Summer
2022-06-28,63.9,1969.0,Mid-Columbia (Mid-C),Summer
2022-06-29,59.65,1322.0,Mid-Columbia (Mid-C),Summer
2022-06-30,79.82,871.0,Mid-Columbia (Mid-C),Summer
2022-07-01,80.85,1296.0,Mid-Columbia (Mid-C),Summer
2022-07-02,69.91,1523.0,Mid-Columbia (Mid-C),Summer
2022-07-03,58.61,1392.0,Mid-Columbia (Mid-C),Summer
2022-07-04,61.12,2090.0,Mid-Columbia (Mid-C),Summer
2022-07-05,57.71,1506.0,Mid-Columbia (Mid-C),Summer
2022-07-06,76.56,1696.0,Mid-Columbia (Mid-C),Summer
2022-07-07,64.33,1565.0,Mid-Columbia (Mid-C),Summer
2022-07-08,61.82,1396.0,Mid-Columbia (Mid-C),Summer
2022-07-09,53.45,923.0,Mid-Columbia (Mid-C),Summer
2022-07-10,40.77,1476.0,Mid-Columbia (Mid-C),Summer
2022-07-11,38.18,2476.0,Mid-Columbia (Mid-C),Summer
2022-07-12,46.35,1127.0,Mid-Columbia (Mid-C),Summer
2022-07-13,48.43,956.0,Mid-Columbia (Mid-C),Summer
2022-07-14,38.61,2081.0,Mid-Columbia (Mid-C),Summer
2022-07-15,41.34,1723.0,Mid-Columbia (Mid-C),Summer
2022-07-16,45.46,1556.0,Mid-Columbia (Mid-C),Summer
2022-07-17,38.96,1909.0,Mid-Columbia (Mid-C),Summer
2022-07-18,41.57,1251.0,Mid-Columbia (Mid-C),Summer
2022-07-19,43.12,1468.0,Mid-Columbia (Mid-C),Summer
2022-07-20,34.9,1787.0,Mid-Columbia (Mid-C),Summer
2022-07-21,39.69,2133.0,Mid-Columbia (Mid-C),Summer
2022-07-22,45.55,1149.0,Mid-Columbia (Mid-C),Summer
2022-07-23,54.91,1884.0,Mid-Columbia (Mid-C),Summer
2022-07-24,62.93,1615.0,Mid-Columbia (Mid-C),Summer
2022-07-25,50.56,1549.0,Mid-Columbia (Mid-C),Summer
2022-07-26,43.21,1498.0,Mid-Columbia (Mid-C),Summer
2022-07-27,48.38,1085.0,Mid-Columbia (Mid-C),Summer
2022-07-28,52.94,1789.0,Mid-Columbia (Mid-C),Summer
2022-07-29,64.37,1265.0,Mid-Columbia (Mid-C),Summer
2022-07-30,87.25,1176.0,Mid-Columbia (Mid-C),Summer
2022-07-31,87.65,1766.0,Mid-Columbia (Mid-C),Summer
2022-08-01,92.54,1737.0,Mid-Columbia (Mid-C),Summer
2022-08-02,95.4,1524.0,Mid-Columbia (Mid-C),Summer
2022-08-03,95.51,1824.0,Mid-Columbia (Mid-C),Summer
2022-08-04,87.88,1928.0,Mid-Columbia (Mid-C),Summer
2022-08-05,89.78,1892.0,Mid-Columbia (Mid-C),Summer
2022-08-06,79.21,1342.0,Mid-Columbia (Mid-C),Summer
2022-08-07,74.2,1804.0,Mid-Columbia (Mid-C),Summer
2022-08-08,67.82,1563.0,Mid-Columbia (Mid-C),Summer
2022-08-09,66.75,2018.0,Mid-Columbia (Mid-C),Summer
2022-08-10,83.67,1463.0,Mid-Columbia (Mid-C),Summer
2022-08-11,65.12,1393.0,Mid-Columbia (Mid-C),Summer
2022-08-12,69.23,1316.0,Mid-Columbia (Mid-C),Summer
2022-08-13,54.47,1557.0,Mid-Columbia (Mid-C),Summer
2022-08-14,50.6,1640.0,Mid-Columbia (Mid-C),Summer
2022-08-15,59.69,1646.0,Mid-Columbia (Mid-C),Summer
2022-08-16,59.5,1605.0,Mid-Columbia (Mid-C),Summer
2022-08-17,50.2,1701.0,Mid-Columbia (Mid-C),Summer
2022-08-18,44.91,1433.0,Mid-Columbia (Mid-C),Summer
2022-08-19,51.42,1238.0,Mid-Columbia (Mid-C),Summer
2022-08-20,45.87,1212.0,Mid-Columbia (Mid-C),Summer
2022-08-21,48.56,1793.0,Mid-Columbia (Mid-C),Summer
2022-08-22,49.56,1641.0,Mid-Columbia (Mid-C),Summer
2022-08-23,44.87,943.0,Mid-Columbia (Mid-C),Summer
2022-08-24,63.09,1829.0,Mid-Columbia (Mid-C),Summer
2022-08-25,67.05,2064.0,Mid-Columbia (Mid-C),Summer
2022-08-26,49.26,1285.0,Mid-Columbia (Mid-C),Summer
2022-08-27,51.29,1601.0,Mid-Columbia (Mid-C),Summer
2022-08-28,46.29,1358.0,Mid-Columbia (Mid-C),Summer
2022-08-29,54.0,1688.0,Mid-Columbia (Mid-C),Summer
2022-08-30,47.61,1150.0,Mid-Columbia (Mid-C),Summer
2022-08-31,47.41,1479.0,Mid-Columbia (Mid-C),Summer
2022-09-01,52.18,1794.0,Mid-Columbia (Mid-C),Fall
2022-09-02,59.26,1871.0,Mid-Columbia (Mid-C),Fall
2022-09-03,48.95,1628.0,Mid-Columbia (Mid-C),Fall
2022-09-04,46.8,1398.0,Mid-Columbia (Mid-C),Fall
2022-09-05,43.77,1022.0,Mid-Columbia (Mid-C),Fall
2022-09-06,39.67,1273.0,Mid-Columbia (Mid-C),Fall
2022-09-07,55.4,1359.0,Mid-Columbia (Mid-C),Fall
2022-09-08,58.35,1291.0,Mid-Columbia (Mid-C),Fall
2022-09-09,51.74,1518.0,Mid-Columbia (Mid-C),Fall
2022-09-10,55.56,1397.0,Mid-Columbia (Mid-C),Fall
2022-09-11,72.19,1552.0,Mid-Columbia (Mid-C),Fall
2022-09-12,78.09,1861.0,Mid-Columbia (Mid-C),Fall
2022-09-13,62.86,1378.0,Mid-Columbia (Mid-C),Fall
2022-09-14,57.72,1085.0,Mid-Columbia (Mid-C),Fall
2022-09-15,67.19,1289.0,Mid-Columbia (Mid-C),Fall
2022-09-16,59.72,1675.0,Mid-Columbia (Mid-C),Fall
2022-09-17,62.34,1703.0,Mid-Columbia (Mid-C),Fall
2022-09-18,67.27,1622.0,Mid-Columbia (Mid-C),Fall
2022-09-19,57.99,1890.0,Mid-Columbia (Mid-C),Fall
2022-09-20,56.74,1444.0,Mid-Columbia (Mid-C),Fall
2022-09-21,30.17,2116.0,Mid-Columbia (Mid-C),Fall
2022-09-22,24.51,1745.0,Mid-Columbia (Mid-C),Fall
2022-09-23,25.68,743.0,Mid-Columbia (Mid-C),Fall
2022-09-24,18.74,2040.0,Mid-Columbia (Mid-C),Fall
2022-09-25,35.65,1270.0,Mid-Columbia (Mid-C),Fall
2022-09-26,26.02,1190.0,Mid-Columbia (Mid-C),Fall
2022-09-27,25.44,1657.0,Mid-Columbia (Mid-C),Fall
2022-09-28,29.48,979.0,Mid-Columbia (Mid-C),Fall
2022-09-29,43.51,1291.0,Mid-Columbia (Mid-C),Fall
2022-09-30,32.81,1967.0,Mid-Columbia (Mid-C),Fall
2022-10-01,44.18,1667.0,Mid-Columbia (Mid-C),Fall
2022-10-02,97.14,1744.0,Mid-Columbia (Mid-C),Fall
2022-10-03,37.65,1303.0,Mid-Columbia (Mid-C),Fall
2022-10-04,42.77,1038.0,Mid-Columbia (Mid-C),Fall
2022-10-05,45.15,1712.0,Mid-Columbia (Mid-C),Fall
2022-10-06,40.83,1779.0,Mid-Columbia (Mid-C),Fall
2022-10-07,42.38,1765.0,Mid-Columbia (Mid-C),Fall
2022-10-08,40.08,1563.0,Mid-Columbia (Mid-C),Fall
2022-10-09,42.03,1210.0,Mid-Columbia (Mid-C),Fall
2022-10-10,48.11,2231.0,Mid-Columbia (Mid-C),Fall
2022-10-11,60.84,1644.0,Mid-Columbia (Mid-C),Fall
2022-10-12,49.43,1448.0,Mid-Columbia (Mid-C),Fall
2022-10-13,66.34,1449.0,Mid-Columbia (Mid-C),Fall
2022-10-14,48.52,1545.0,Mid-Columbia (Mid-C),Fall
2022-10-15,47.23,1821.0,Mid-Columbia (Mid-C),Fall
2022-10-16,52.0,1557.0,Mid-Columbia (Mid-C),Fall
2022-10-17,76.53,1758.0,Mid-Columbia (Mid-C),Fall
2022-10-18,47.98,1545.0,Mid-Columbia (Mid-C),Fall
2022-10-19,46.23,1466.0,Mid-Columbia (Mid-C),Fall
2022-10-20,42.4,1692.0,Mid-Columbia (Mid-C),Fall
2022-10-21,90.71,1681.0,Mid-Columbia (Mid-C),Fall
2022-10-22,46.08,1449.0,Mid-Columbia (Mid-C),Fall
2022-10-23,49.02,1275.0,Mid-Columbia (Mid-C),Fall
2022-10-24,44.61,1603.0,Mid-Columbia (Mid-C),Fall
2022-10-25,50.79,1524.0,Mid-Columbia (Mid-C),Fall
2022-10-26,52.72,1334.0,Mid-Columbia (Mid-C),Fall
2022-10-27,58.45,1247.0,Mid-Columbia (Mid-C),Fall
2022-10-28,62.02,1623.0,Mid-Columbia (Mid-C),Fall
2022-10-29,53.47,1665.0,Mid-Columbia (Mid-C),Fall
2022-10-30,48.09,1392.0,Mid-Columbia (Mid-C),Fall
2022-10-31,53.8,1326.0,Mid-Columbia (Mid-C),Fall
2022-11-01,57.72,1251.0,Mid-Columbia (Mid-C),Fall
2022-11-02,56.1,1615.0,Mid-Columbia (Mid-C),Fall
2022-11-03,55.78,1259.0,Mid-Columbia (Mid-C),Fall
2022-11-04,64.76,2172.0,Mid-Columbia (Mid-C),Fall
2022-11-05,57.7,1377.0,Mid-Columbia (Mid-C),Fall
2022-11-06,60.59,772.0,Mid-Columbia (Mid-C),Fall
2022-11-07,57.13,1491.0,Mid-Columbia (Mid-C),Fall
2022-11-08,53.95,1478.0,Mid-Columbia (Mid-C),Fall
2022-11-09,61.68,1834.0,Mid-Columbia (Mid-C),Fall
2022-11-10,66.28,1586.0,Mid-Columbia (Mid-C),Fall
2022-11-11,70.23,1250.0,Mid-Columbia (Mid-C),Fall
2022-11-12,77.63,1414.0,Mid-Columbia (Mid-C),Fall
2022-11-13,73.86,1598.0,Mid-Columbia (Mid-C),Fall
2022-11-14,75.82,851.0,Mid-Columbia (Mid-C),Fall
2022-11-15,69.61,1902.0,Mid-Columbia (Mid-C),Fall
2022-11-16,69.21,1251.0,Mid-Columbia (Mid-C),Fall
2022-11-17,65.22,1925.0,Mid-Columbia (Mid-C),Fall
2022-11-18,63.52,1618.0,Mid-Columbia (Mid-C),Fall
2022-11-19,66.0,1689.0,Mid-Columbia (Mid-C),Fall
2022-11-20,56.88,1845.0,Mid-Columbia (Mid-C),Fall
2022-11-21,72.13,1672.0,Mid-Columbia (Mid-C),Fall
2022-11-22,60.76,1702.0,Mid-Columbia (Mid-C),Fall
2022-11-23,49.09,1451.0,Mid-Columbia (Mid-C),Fall
2022-11-24,57.79,1612.0,Mid-Columbia (Mid-C),Fall
2022-11-25,62.52,1324.0,Mid-Columbia (Mid-C),Fall
2022-11-26,65.34,1397.0,Mid-Columbia (Mid-C),Fall
2022-11-27,67.85,2089.0,Mid-Columbia (Mid-C),Fall
2022-11-28,64.93,1258.0,Mid-Columbia (Mid-C),Fall
2022-11-29,55.29,1546.0,Mid-Columbia (Mid-C),Fall
2022-11-30,54.58,1534.0,Mid-Columbia (Mid-C),Fall
2022-12-01,47.94,1407.0,Mid-Columbia (Mid-C),Winter
2022-12-02,55.32,1654.0,Mid-Columbia (Mid-C),Winter
2022-12-03,52.83,1677.0,Mid-Columbia (Mid-C),Winter
2022-12-04,45.21,1222.0,Mid-Columbia (Mid-C),Winter
2022-12-05,42.55,1530.0,Mid-Columbia (Mid-C),Winter
2022-12-06,46.07,1175.0,Mid-Columbia (Mid-C),Winter
2022-12-07,41.37,1737.0,Mid-Columbia (Mid-C),Winter
2022-12-08,35.16,1553.0,Mid-Columbia (Mid-C),Winter
2022-12-09,38.23,1525.0,Mid-Columbia (Mid-C),Winter
2022-12-10,40.95,1698.0,Mid-Columbia (Mid-C),Winter
2022-12-11,37.32,1417.0,Mid-Columbia (Mid-C),Winter
2022-12-12,34.42,1774.0,Mid-Columbia (Mid-C),Winter
2022-12-13,37.5,1215.0,Mid-Columbia (Mid-C),Winter
2022-12-14,26.77,1924.0,Mid-Columbia (Mid-C),Winter
2022-12-15,17.66,1335.0,Mid-Columbia (Mid-C),Winter
2022-12-16,15.16,991.0,Mid-Columbia (Mid-C),Winter
2022-12-17,17.0,1401.0,Mid-Columbia (Mid-C),Winter
2022-12-18,22.82,1367.0,Mid-Columbia (Mid-C),Winter
2022-12-19,37.26,1399.0,Mid-Columbia (Mid-C),Winter
2022-12-20,45.03,1569.0,Mid-Columbia (Mid-C),Winter
2022-12-21,43.73,1829.0,Mid-Columbia (Mid-C),Winter
2022-12-22,43.72,1442.0,Mid-Columbia (Mid-C),Winter
2022-12-23,35.85,1293.0,Mid-Columbia (Mid-C),Winter
2022-12-24,36.8,1162.0,Mid-Columbia (Mid-C),Winter
2022-12-25,35.48,1360.0,Mid-Columbia (Mid-C),Winter
2022-12-26,39.21,934.0,Mid-Columbia (Mid-C),Winter
2022-12-27,33.3,1282.0,Mid-Columbia (Mid-C),Winter
2022-12-28,38.88,1873.0,Mid-Columbia (Mid-C),Winter
2022-12-29,66.31,1253.0,Mid-Columbia (Mid-C),Winter
2022-12-30,50.22,1689.0,Mid-Columbia (Mid-C),Winter
2022-12-31,52.84,1132.0,Mid-Columbia (Mid-C),Winter
2023-01-01,57.45,2031.0,Mid-Columbia (Mid-C),Winter
2023-01-02,52.79,2051.0,Mid-Columbia (Mid-C),Winter
2023-01-03,53.69,1677.0,Mid-Columbia (Mid-C),Winter
2023-01-04,52.79,2097.0,Mid-Columbia (Mid-C),Winter
2023-01-05,52.69,1607.0,Mid-Columbia (Mid-C),Winter
2023-01-06,45.63,1731.0,Mid-Columbia (Mid-C),Winter
2023-01-07,45.81,1879.0,Mid-Columbia (Mid-C),Winter
2023-01-08,49.76,1554.0,Mid-Columbia (Mid-C),Winter
2023-01-09,60.86,1034.0,Mid-Columbia (Mid-C),Winter
2023-01-10,66.69,1737.0,Mid-Columbia (Mid-C),Winter
2023-01-11,81.38,1358.0,Mid-Columbia (Mid-C),Winter
2023-01-12,70.94,1381.0,Mid-Columbia (Mid-C),Winter
2023-01-13,74.88,1589.0,Mid-Columbia (Mid-C),Winter
2023-01-14,72.83,1670.0,Mid-Columbia (Mid-C),Winter
2023-01-15,87.08,1545.0,Mid-Columbia (Mid-C),Winter
2023-01-16,75.64,1691.0,Mid-Columbia (Mid-C),Winter
2023-01-17,65.31,1288.0,Mid-Columbia (Mid-C),Winter
2023-01-18,58.15,1487.0,Mid-Columbia (Mid-C),Winter
2023-01-19,39.66,1755.0,Mid-Columbia (Mid-C),Winter
2023-01-20,36.16,2032.0,Mid-Columbia (Mid-C),Winter
2023-01-21,31.22,2138.0,Mid-Columbia (Mid-C),Winter
2023-01-22,34.14,1630.0,Mid-Columbia (Mid-C),Winter
2023-01-23,38.25,1752.0,Mid-Columbia (Mid-C),Winter
2023-01-24,54.13,2094.0,Mid-Columbia (Mid-C),Winter
2023-01-25,60.7,1299.0,Mid-Columbia (Mid-C),Winter
2023-01-26,54.26,1689.0,Mid-Columbia (Mid-C),Winter
2023-01-27,46.02,1731.0,Mid-Columbia (Mid-C),Winter
2023-01-28,49.88,1934.0,Mid-Columbia (Mid-C),Winter
2023-01-29,38.78,1159.0,Mid-Columbia (Mid-C),Winter
2023-01-30,54.22,1218.0,Mid-Columbia (Mid-C),Winter
2023-01-31,62.58,1506.0,Mid-Columbia (Mid-C),Winter
2023-02-01,56.75,1613.0,Mid-Columbia (Mid-C),Winter
2023-02-02,41.66,1837.0,Mid-Columbia (Mid-C),Winter
2023-02-03,52.91,1655.0,Mid-Columbia (Mid-C),Winter
2023-02-04,51.05,1455.0,Mid-Columbia (Mid-C),Winter
2023-02-05,60.23,1625.0,Mid-Columbia (Mid-C),Winter
2023-02-06,45.64,1590.0,Mid-Columbia (Mid-C),Winter
2023-02-07,40.76,2024.0,Mid-Columbia (Mid-C),Winter
2023-02-08,41.29,1550.0,Mid-Columbia (Mid-C),Winter
2023-02-09,42.08,1385.0,Mid-Columbia (Mid-C),Winter
2023-02-10,38.78,1635.0,Mid-Columbia (Mid-C),Winter
2023-02-11,44.46,1560.0,Mid-Columbia (Mid-C),Winter
2023-02-12,35.92,1029.0,Mid-Columbia (Mid-C),Winter
2023-02-13,52.22,1495.0,Mid-Columbia (Mid-C),Winter
2023-02-14,37.78,1470.0,Mid-Columbia (Mid-C),Winter
2023-02-15,42.67,1337.0,Mid-Columbia (Mid-C),Winter
2023-02-16,48.53,1811.0,Mid-Columbia (Mid-C),Winter
2023-02-17,38.99,1264.0,Mid-Columbia (Mid-C),Winter
2023-02-18,27.3,1637.0,Mid-Columbia (Mid-C),Winter
2023-02-19,39.5,1456.0,Mid-Columbia (Mid-C),Winter
2023-02-20,42.66,1532.0,Mid-Columbia (Mid-C),Winter
2023-02-21,36.78,1624.0,Mid-Columbia (Mid-C),Winter
2023-02-22,49.98,1108.0,Mid-Columbia (Mid-C),Winter
2023-02-23,50.11,1557.0,Mid-Columbia (Mid-C),Winter
2023-02-24,58.71,2187.0,Mid-Columbia (Mid-C),Winter
2023-02-25,57.37,1033.0,Mid-Columbia (Mid-C),Winter
2023-02-26,72.12,1483.0,Mid-Columbia (Mid-C),Winter
2023-02-27,82.64,1837.0,Mid-Columbia (Mid-C),Winter
2023-02-28,75.85,1590.0,Mid-Columbia (Mid-C),Winter
2023-03-01,79.62,1706.0,Mid-Columbia (Mid-C),Spring
2023-03-02,99.88,787.0,Mid-Columbia (Mid-C),Spring
2023-03-03,86.69,1679.0,Mid-Columbia (Mid-C),Spring
2023-03-04,73.62,1271.0,Mid-Columbia (Mid-C),Spring
2023-03-05,75.31,1593.0,Mid-Columbia (Mid-C),Spring
2023-03-06,79.75,1491.0,Mid-Columbia (Mid-C),Spring
2023-03-07,61.11,2183.0,Mid-Columbia (Mid-C),Spring
2023-03-08,49.29,1664.0,Mid-Columbia (Mid-C),Spring
2023-03-09,32.03,1466.0,Mid-Columbia (Mid-C),Spring
2023-03-10,30.97,1047.0,Mid-Columbia (Mid-C),Spring
2023-03-11,37.92,1536.0,Mid-Columbia (Mid-C),Spring
2023-03-12,50.3,1747.0,Mid-Columbia (Mid-C),Spring
2023-03-13,49.75,1476.0,Mid-Columbia (Mid-C),Spring
2023-03-14,61.68,1348.0,Mid-Columbia (Mid-C),Spring
2023-03-15,48.09,1328.0,Mid-Columbia (Mid-C),Spring
2023-03-16,33.53,1661.0,Mid-Columbia (Mid-C),Spring
2023-03-17,33.88,1728.0,Mid-Columbia (Mid-C),Spring
2023-03-18,37.68,1908.0,Mid-Columbia (Mid-C),Spring
2023-03-19,37.68,1202.0,Mid-Columbia (Mid-C),Spring
2023-03-20,21.38,1658.0,Mid-Columbia (Mid-C),Spring
2023-03-21,22.85,1463.0,Mid-Columbia (Mid-C),Spring
2023-03-22,14.4,1472.0,Mid-Columbia (Mid-C),Spring
2023-03-23,22.74,1621.0,Mid-Columbia (Mid-C),Spring
2023-03-24,27.63,1622.0,Mid-Columbia (Mid-C),Spring
2023-03-25,21.47,1659.0,Mid-Columbia (Mid-C),Spring
2023-03-26,19.44,1183.0,Mid-Columbia (Mid-C),Spring
2023-03-27,13.28,1275.0,Mid-Columbia (Mid-C),Spring
2023-03-28,15.81,1946.0,Mid-Columbia (Mid-C),Spring
2023-03-29,26.16,1434.0,Mid-Columbia (Mid-C),Spring
2023-03-30,19.73,1592.0,Mid-Columbia (Mid-C),Spring
2023-03-31,25.97,1816.0,Mid-Columbia (Mid-C),Spring
2023-04-01,23.17,1639.0,Mid-Columbia (Mid-C),Spring
2023-04-02,18.6,1664.0,Mid-Columbia (Mid-C),Spring
2023-04-03,20.04,1768.0,Mid-Columbia (Mid-C),Spring
2023-04-04,13.87,865.0,Mid-Columbia (Mid-C),Spring
2023-04-05,12.28,1353.0,Mid-Columbia (Mid-C),Spring
2023-04-06,5.72,1641.0,Mid-Columbia (Mid-C),Spring
2023-04-07,25.23,1916.0,Mid-Columbia (Mid-C),Spring
2023-04-08,26.95,1520.0,Mid-Columbia (Mid-C),Spring
2023-04-09,22.57,1247.0,Mid-Columbia (Mid-C),Spring
2023-04-10,26.02,1255.0,Mid-Columbia (Mid-C),Spring
2023-04-11,26.43,1765.0,Mid-Columbia (Mid-C),Spring
2023-04-12,25.91,1435.0,Mid-Columbia (Mid-C),Spring
2023-04-13,32.12,1498.0,Mid-Columbia (Mid-C),Spring
2023-04-14,38.73,1685.0,Mid-Columbia (Mid-C),Spring
2023-04-15,34.23,630.0,Mid-Columbia (Mid-C),Spring
2023-04-16,29.9,2100.0,Mid-Columbia (Mid-C),Spring
2023-04-17,28.49,1281.0,Mid-Columbia (Mid-C),Spring
2023-04-18,131.22,1573.0,Mid-Columbia (Mid-C),Spring
2023-04-19,5.0,989.0,Mid-Columbia (Mid-C),Spring
2023-04-20,17.01,1373.0,Mid-Columbia (Mid-C),Spring
2023-04-21,32.48,1873.0,Mid-Columbia (Mid-C),Spring
2023-04-22,30.94,925.0,Mid-Columbia (Mid-C),Spring
2023-04-23,36.18,1838.0,Mid-Columbia (Mid-C),Spring
2023-04-24,38.67,1418.0,Mid-Columbia (Mid-C),Spring
2023-04-25,63.0,1646.0,Mid-Columbia (Mid-C),Spring
2023-04-26,68.74,1697.0,Mid-Columbia (Mid-C),Spring
2023-04-27,63.8,1632.0,Mid-Columbia (Mid-C),Spring
2023-04-28,52.84,1241.0,Mid-Columbia (Mid-C),Spring
2023-04-29,37.99,1391.0,Mid-Columbia (Mid-C),Spring
2023-04-30,39.4,1062.0,Mid-Columbia (Mid-C),Spring
2023-05-01,32.96,1648.0,Mid-Columbia (Mid-C),Spring
2023-05-02,21.97,2011.0,Mid-Columbia (Mid-C),Spring
2023-05-03,18.51,953.0,Mid-Columbia (Mid-C),Spring
2023-05-04,11.99,1272.0,Mid-Columbia (Mid-C),Spring
2023-05-05,28.4,1445.0,Mid-Columbia (Mid-C),Spring
2023-05-06,36.41,1552.0,Mid-Columbia (Mid-C),Spring
2023-05-07,36.35,1764.0,Mid-Columbia (Mid-C),Spring
2023-05-08,48.2,1454.0,Mid-Columbia (Mid-C),Spring
2023-05-09,47.42,1405.0,Mid-Columbia (Mid-C),Spring
2023-05-10,39.23,1831.0,Mid-Columbia (Mid-C),Spring
2023-05-11,51.11,1699.0,Mid-Columbia (Mid-C),Spring
2023-05-12,53.7,1662.0,Mid-Columbia (Mid-C),Spring
2023-05-13,43.38,1534.0,Mid-Columbia (Mid-C),Spring
2023-05-14,41.09,1795.0,Mid-Columbia (Mid-C),Spring
2023-05-15,33.6,1303.0,Mid-Columbia (Mid-C),Spring
2023-05-16,22.97,1262.0,Mid-Columbia (Mid-C),Spring
2023-05-17,32.09,1724.0,Mid-Columbia (Mid-C),Spring
2023-05-18,65.93,1012.0,Mid-Columbia (Mid-C),Spring
2023-05-19,35.56,1528.0,Mid-Columbia (Mid-C),Spring
2023-05-20,40.32,1405.0,Mid-Columbia (Mid-C),Spring
2023-05-21,34.81,1078.0,Mid-Columbia (Mid-C),Spring
2023-05-22,31.29,1221.0,Mid-Columbia (Mid-C),Spring
2023-05-23,27.37,1467.0,Mid-Columbia (Mid-C),Spring
2023-05-24,21.76,1810.0,Mid-Columbia (Mid-C),Spring
2023-05-25,24.15,1304.0,Mid-Columbia (Mid-C),Spring
2023-05-26,19.23,1864.0,Mid-Columbia (Mid-C),Spring
2023-05-27,23.74,1519.0,Mid-Columbia (Mid-C),Spring
2023-05-28,73.79,1893.0,Mid-Columbia (Mid-C),Spring
2023-05-29,24.92,1319.0,Mid-Columbia (Mid-C),Spring
2023-05-30,19.38,1485.0,Mid-Columbia (Mid-C),Spring
2023-05-31,17.72,1611.0,Mid-Columbia (Mid-C),Spring
2023-06-01,25.92,1446.0,Mid-Columbia (Mid-C),Summer
2023-06-02,31.6,1786.0,Mid-Columbia (Mid-C),Summer
2023-06-03,24.79,838.0,Mid-Columbia (Mid-C),Summer
2023-06-04,27.44,2227.0,Mid-Columbia (Mid-C),Summer
2023-06-05,35.02,1757.0,Mid-Columbia (Mid-C),Summer
2023-06-06,22.34,1448.0,Mid-Columbia (Mid-C),Summer
2023-06-07,28.92,1334.0,Mid-Columbia (Mid-C),Summer
2023-06-08,25.08,1240.0,Mid-Columbia (Mid-C),Summer
2023-06-09,31.6,1694.0,Mid-Columbia (Mid-C),Summer
2023-06-10,26.69,1798.0,Mid-Columbia (Mid-C),Summer
2023-06-11,14.06,1451.0,Mid-Columbia (Mid-C),Summer
2023-06-12,5.0,1832.0,Mid-Columbia (Mid-C),Summer
2023-06-13,9.33,1228.0,Mid-Columbia (Mid-C),Summer
2023-06-14,15.38,1175.0,Mid-Columbia (Mid-C),Summer
2023-06-15,11.43,2044.0,Mid-Columbia (Mid-C),Summer
2023-06-16,20.33,1677.0,Mid-Columbia (Mid-C),Summer
2023-06-17,9.78,1919.0,Mid-Columbia (Mid-C),Summer
2023-06-18,13.29,1244.0,Mid-Columbia (Mid-C),Summer
2023-06-19,7.25,1223.0,Mid-Columbia (Mid-C),Summer
2023-06-20,6.44,1392.0,Mid-Columbia (Mid-C),Summer
2023-06-21,11.35,1253.0,Mid-Columbia (Mid-C),Summer
2023-06-22,8.44,1712.0,Mid-Columbia (Mid-C),Summer
2023-06-23,9.71,1275.0,Mid-Columbia (Mid-C),Summer
2023-06-24,21.99,1148.0,Mid-Columbia (Mid-C),Summer
2023-06-25,20.15,1543.0,Mid-Columbia (Mid-C),Summer
2023-06-26,29.87,1113.0,Mid-Columbia (Mid-C),Summer
2023-06-27,22.73,960.0,Mid-Columbia (Mid-C),Summer
2023-06-28,29.75,1540.0,Mid-Columbia (Mid-C),Summer
2023-06-29,43.25,975.0,Mid-Columbia (Mid-C),Summer
2023-06-30,23.86,1733.0,Mid-Columbia (Mid-C),Summer
2023-07-01,20.22,1081.0,Mid-Columbia (Mid-C),Summer
2023-07-02,28.03,828.0,Mid-Columbia (Mid-C),Summer
2023-07-03,28.7,1412.0,Mid-Columbia (Mid-C),Summer
2023-07-04,33.91,1543.0,Mid-Columbia (Mid-C),Summer
2023-07-05,55.29,1647.0,Mid-Columbia (Mid-C),Summer
2023-07-06,33.47,1552.0,Mid-Columbia (Mid-C),Summer
2023-07-07,33.97,1182.0,Mid-Columbia (Mid-C),Summer
2023-07-08,45.04,1714.0,Mid-Columbia (Mid-C),Summer
2023-07-09,47.49,1788.0,Mid-Columbia (Mid-C),Summer
2023-07-10,50.34,1138.0,Mid-Columbia (Mid-C),Summer
2023-07-11,46.88,1446.0,Mid-Columbia (Mid-C),Summer
2023-07-12,43.26,1418.0,Mid-Columbia (Mid-C),Summer
2023-07-13,40.54,1566.0,Mid-Columbia (Mid-C),Summer
2023-07-14,44.78,1439.0,Mid-Columbia (Mid-C),Summer
2023-07-15,42.02,1480.0,Mid-Columbia (Mid-C),Summer
2023-07-16,45.3,1693.0,Mid-Columbia (Mid-C),Summer
2023-07-17,62.49,1166.0,Mid-Columbia (Mid-C),Summer
2023-07-18,68.01,1721.0,Mid-Columbia (Mid-C),Summer
2023-07-19,63.32,1842.0,Mid-Columbia (Mid-C),Summer
2023-07-20,71.42,1990.0,Mid-Columbia (Mid-C),Summer
2023-07-21,65.71,857.0,Mid-Columbia (Mid-C),Summer
2023-07-22,47.66,1445.0,Mid-Columbia (Mid-C),Summer
2023-07-23,40.03,910.0,Mid-Columbia (Mid-C),Summer
2023-07-24,26.44,769.0,Mid-Columbia (Mid-C),Summer
2023-07-25,26.66,1543.0,Mid-Columbia (Mid-C),Summer
2023-07-26,29.82,1380.0,Mid-Columbia (Mid-C),Summer
2023-07-27,45.89,1590.0,Mid-Columbia (Mid-C),Summer
2023-07-28,49.26,1646.0,Mid-Columbia (Mid-C),Summer
2023-07-29,47.86,1874.0,Mid-Columbia (Mid-C),Summer
2023-07-30,55.04,1516.0,Mid-Columbia (Mid-C),Summer
2023-07-31,37.05,2377.0,Mid-Columbia (Mid-C),Summer
2023-08-01,40.81,1592.0,Mid-Columbia (Mid-C),Summer
2023-08-02,48.41,2053.0,Mid-Columbia (Mid-C),Summer
2023-08-03,37.12,800.0,Mid-Columbia (Mid-C),Summer
2023-08-04,48.17,1905.0,Mid-Columbia (Mid-C),Summer
2023-08-05,51.47,1446.0,Mid-Columbia (Mid-C),Summer
2023-08-06,48.36,915.0,Mid-Columbia (Mid-C),Summer
2023-08-07,54.01,1626.0,Mid-Columbia (Mid-C),Summer
2023-08-08,72.1,1409.0,Mid-Columbia (Mid-C),Summer
2023-08-09,71.31,1674.0,Mid-Columbia (Mid-C),Summer
2023-08-10,71.16,1803.0,Mid-Columbia (Mid-C),Summer
2023-08-11,65.38,1053.0,Mid-Columbia (Mid-C),Summer
2023-08-12,57.17,1804.0,Mid-Columbia (Mid-C),Summer
2023-08-13,63.39,1502.0,Mid-Columbia (Mid-C),Summer
2023-08-14,55.38,1906.0,Mid-Columbia (Mid-C),Summer
2023-08-15,55.76,1438.0,Mid-Columbia (Mid-C),Summer
2023-08-16,51.7,1359.0,Mid-Columbia (Mid-C),Summer
2023-08-17,55.79,1508.0,Mid-Columbia (Mid-C),Summer
2023-08-18,58.23,1531.0,Mid-Columbia (Mid-C),Summer
2023-08-19,66.0,1301.0,Mid-Columbia (Mid-C),Summer
2023-08-20,60.47,1351.0,Mid-Columbia (Mid-C),Summer
2023-08-21,57.51,1132.0,Mid-Columbia (Mid-C),Summer
2023-08-22,49.25,1370.0,Mid-Columbia (Mid-C),Summer
2023-08-23,46.25,1703.0,Mid-Columbia (Mid-C),Summer
2023-08-24,50.18,1459.0,Mid-Columbia (Mid-C),Summer
2023-08-25,56.67,1803.0,Mid-Columbia (Mid-C),Summer
2023-08-26,48.95,1444.0,Mid-Columbia (Mid-C),Summer
2023-08-27,56.48,1071.0,Mid-Columbia (Mid-C),Summer
2023-08-28,66.99,1679.0,Mid-Columbia (Mid-C),Summer
2023-08-29,68.7,1298.0,Mid-Columbia (Mid-C),Summer
2023-08-30,81.91,1430.0,Mid-Columbia (Mid-C),Summer
2023-08-31,72.32,1871.0,Mid-Columbia (Mid-C),Summer
2023-09-01,60.11,1152.0,Mid-Columbia (Mid-C),Fall
2023-09-02,45.08,1549.0,Mid-Columbia (Mid-C),Fall
2023-09-03,58.04,1488.0,Mid-Columbia (Mid-C),Fall
2023-09-04,62.71,1710.0,Mid-Columbia (Mid-C),Fall
2023-09-05,61.13,1757.0,Mid-Columbia (Mid-C),Fall
2023-09-06,62.41,1579.0,Mid-Columbia (Mid-C),Fall
2023-09-07,52.28,1392.0,Mid-Columbia (Mid-C),Fall
2023-09-08,71.93,1642.0,Mid-Columbia (Mid-C),Fall
2023-09-09,86.64,1901.0,Mid-Columbia (Mid-C),Fall
2023-09-10,69.4,1492.0,Mid-Columbia (Mid-C),Fall
2023-09-11,73.2,1420.0,Mid-Columbia (Mid-C),Fall
2023-09-12,74.57,1616.0,Mid-Columbia (Mid-C),Fall
2023-09-13,73.7,1512.0,Mid-Columbia (Mid-C),Fall
2023-09-14,64.81,1099.0,Mid-Columbia (Mid-C),Fall
2023-09-15,67.07,1572.0,Mid-Columbia (Mid-C),Fall
2023-09-16,80.33,1096.0,Mid-Columbia (Mid-C),Fall
2023-09-17,87.69,1612.0,Mid-Columbia (Mid-C),Fall
2023-09-18,96.13,1261.0,Mid-Columbia (Mid-C),Fall
2023-09-19,86.7,1511.0,Mid-Columbia (Mid-C),Fall
2023-09-20,74.57,1617.0,Mid-Columbia (Mid-C),Fall
2023-09-21,70.79,2236.0,Mid-Columbia (Mid-C),Fall
2023-09-22,68.89,1723.0,Mid-Columbia (Mid-C),Fall
2023-09-23,75.51,1909.0,Mid-Columbia (Mid-C),Fall
2023-09-24,59.03,2062.0,Mid-Columbia (Mid-C),Fall
2023-09-25,70.29,1647.0,Mid-Columbia (Mid-C),Fall
2023-09-26,66.67,1586.0,Mid-Columbia (Mid-C),Fall
2023-09-27,61.32,1180.0,Mid-Columbia (Mid-C),Fall
2023-09-28,51.92,1465.0,Mid-Columbia (Mid-C),Fall
2023-09-29,38.48,1283.0,Mid-Columbia (Mid-C),Fall
2023-09-30,46.46,1380.0,Mid-Columbia (Mid-C),Fall
2023-10-01,47.47,2061.0,Mid-Columbia (Mid-C),Fall
2023-10-02,37.43,1534.0,Mid-Columbia (Mid-C),Fall
2023-10-03,28.54,1237.0,Mid-Columbia (Mid-C),Fall
2023-10-04,28.36,1912.0,Mid-Columbia (Mid-C),Fall
2023-10-05,44.24,1787.0,Mid-Columbia (Mid-C),Fall
2023-10-06,42.75,1802.0,Mid-Columbia (Mid-C),Fall
2023-10-07,68.38,898.0,Mid-Columbia (Mid-C),Fall
2023-10-08,31.61,2085.0,Mid-Columbia (Mid-C),Fall
2023-10-09,31.48,1332.0,Mid-Columbia (Mid-C),Fall
2023-10-10,11.96,1733.0,Mid-Columbia (Mid-C),Fall
2023-10-11,15.9,2257.0,Mid-Columbia (Mid-C),Fall
2023-10-12,17.94,2147.0,Mid-Columbia (Mid-C),Fall
2023-10-13,27.14,1207.0,Mid-Columbia (Mid-C),Fall
2023-10-14,44.43,1067.0,Mid-Columbia (Mid-C),Fall
2023-10-15,53.86,1929.0,Mid-Columbia (Mid-C),Fall
2023-10-16,50.97,1543.0,Mid-Columbia (Mid-C),Fall
2023-10-17,41.71,1350.0,Mid-Columbia (Mid-C),Fall
2023-10-18,62.98,1686.0,Mid-Columbia (Mid-C),Fall
2023-10-19,61.58,1451.0,Mid-Columbia (Mid-C),Fall
2023-10-20,59.96,1710.0,Mid-Columbia (Mid-C),Fall
2023-10-21,58.21,1520.0,Mid-Columbia (Mid-C),Fall
2023-10-22,58.44,1717.0,Mid-Columbia (Mid-C),Fall
2023-10-23,55.89,1232.0,Mid-Columbia (Mid-C),Fall
2023-10-24,50.19,1927.0,Mid-Columbia (Mid-C),Fall
2023-10-25,45.37,1709.0,Mid-Columbia (Mid-C),Fall
2023-10-26,45.24,1694.0,Mid-Columbia (Mid-C),Fall
2023-10-27,41.02,1165.0,Mid-Columbia (Mid-C),Fall
2023-10-28,35.93,2010.0,Mid-Columbia (Mid-C),Fall
2023-10-29,139.66,1496.0,Mid-Columbia (Mid-C),Fall
2023-10-30,36.92,1718.0,Mid-Columbia (Mid-C),Fall
2023-10-31,50.02,1403.0,Mid-Columbia (Mid-C),Fall
2023-11-01,28.3,1578.0,Mid-Columbia (Mid-C),Fall
2023-11-02,39.12,1589.0,Mid-Columbia (Mid-C),Fall
2023-11-03,49.86,654.0,Mid-Columbia (Mid-C),Fall
2023-11-04,32.74,1675.0,Mid-Columbia (Mid-C),Fall
2023-11-05,31.52,2090.0,Mid-Columbia (Mid-C),Fall
2023-11-06,30.2,1662.0,Mid-Columbia (Mid-C),Fall
2023-11-07,20.74,1213.0,Mid-Columbia (Mid-C),Fall
2023-11-08,17.45,1695.0,Mid-Columbia (Mid-C),Fall
2023-11-09,11.88,1818.0,Mid-Columbia (Mid-C),Fall
2023-11-10,29.87,1654.0,Mid-Columbia (Mid-C),Fall
2023-11-11,39.17,1478.0,Mid-Columbia (Mid-C),Fall
2023-11-12,50.02,1427.0,Mid-Columbia (Mid-C),Fall
2023-11-13,55.17,1426.0,Mid-Columbia (Mid-C),Fall
2023-11-14,44.89,1709.0,Mid-Columbia (Mid-C),Fall
2023-11-15,40.67,1078.0,Mid-Columbia (Mid-C),Fall
2023-11-16,45.07,1388.0,Mid-Columbia (Mid-C),Fall
2023-11-17,35.24,1979.0,Mid-Columbia (Mid-C),Fall
2023-11-18,42.06,1990.0,Mid-Columbia (Mid-C),Fall
2023-11-19,40.44,1057.0,Mid-Columbia (Mid-C),Fall
2023-11-20,37.93,1161.0,Mid-Columbia (Mid-C),Fall
2023-11-21,44.4,1419.0,Mid-Columbia (Mid-C),Fall
2023-11-22,47.96,1768.0,Mid-Columbia (Mid-C),Fall
2023-11-23,44.65,952.0,Mid-Columbia (Mid-C),Fall
2023-11-24,53.9,1484.0,Mid-Columbia (Mid-C),Fall
2023-11-25,44.11,1358.0,Mid-Columbia (Mid-C),Fall
2023-11-26,49.07,1898.0,Mid-Columbia (Mid-C),Fall
2023-11-27,53.25,997.0,Mid-Columbia (Mid-C),Fall
2023-11-28,49.71,1528.0,Mid-Columbia (Mid-C),Fall
2023-11-29,51.68,1382.0,Mid-Columbia (Mid-C),Fall
2023-11-30,40.79,1941.0,Mid-Columbia (Mid-C),Fall
2023-12-01,48.62,1679.0,Mid-Columbia (Mid-C),Winter
2023-12-02,46.63,1324.0,Mid-Columbia (Mid-C),Winter
2023-12-03,42.18,1756.0,Mid-Columbia (Mid-C),Winter
2023-12-04,50.84,1383.0,Mid-Columbia (Mid-C),Winter
2023-12-05,44.43,1800.0,Mid-Columbia (Mid-C),Winter
2023-12-06,33.16,1429.0,Mid-Columbia (Mid-C),Winter
2023-12-07,22.06,1816.0,Mid-Columbia (Mid-C),Winter
2023-12-08,29.6,1631.0,Mid-Columbia (Mid-C),Winter
2023-12-09,21.14,2478.0,Mid-Columbia (Mid-C),Winter
2023-12-10,37.99,1484.0,Mid-Columbia (Mid-C),Winter
2023-12-11,22.12,1615.0,Mid-Columbia (Mid-C),Winter
2023-12-12,38.38,1356.0,Mid-Columbia (Mid-C),Winter
2023-12-13,40.82,1501.0,Mid-Columbia (Mid-C),Winter
2023-12-14,40.5,689.0,Mid-Columbia (Mid-C),Winter
2023-12-15,36.64,1640.0,Mid-Columbia (Mid-C),Winter
2023-12-16,40.8,1903.0,Mid-Columbia (Mid-C),Winter
2023-12-17,50.14,1619.0,Mid-Columbia (Mid-C),Winter
2023-12-18,50.25,1106.0,Mid-Columbia (Mid-C),Winter
2023-12-19,50.51,1259.0,Mid-Columbia (Mid-C),Winter
2023-12-20,51.03,771.0,Mid-Columbia (Mid-C),Winter
2023-12-21,47.39,1794.0,Mid-Columbia (Mid-C),Winter
2023-12-22,46.63,1198.0,Mid-Columbia (Mid-C),Winter
2023-12-23,48.9,1491.0,Mid-Columbia (Mid-C),Winter
2023-12-24,34.75,1454.0,Mid-Columbia (Mid-C),Winter
2023-12-25,25.19,1946.0,Mid-Columbia (Mid-C),Winter
2023-12-26,33.53,1526.0,Mid-Columbia (Mid-C),Winter
2023-12-27,36.28,1743.0,Mid-Columbia (Mid-C),Winter
2023-12-28,35.87,1664.0,Mid-Columbia (Mid-C),Winter
2023-12-29,37.14,1908.0,Mid-Columbia (Mid-C),Winter
2023-12-30,40.89,1428.0,Mid-Columbia (Mid-C),Winter
2023-12-31,37.09,2061.0,Mid-Columbia (Mid-C),Winter
2024-01-01,31.85,904.0,Mid-Columbia (Mid-C),Winter
2024-01-02,35.03,1757.0,Mid-Columbia (Mid-C),Winter
2024-01-03,28.44,1240.0,Mid-Columbia (Mid-C),Winter
2024-01-04,33.74,1352.0,Mid-Columbia (Mid-C),Winter
2024-01-05,21.52,1671.0,Mid-Columbia (Mid-C),Winter
2024-01-06,32.63,1668.0,Mid-Columbia (Mid-C),Winter
2024-01-07,37.95,1682.0,Mid-Columbia (Mid-C),Winter
2024-01-08,40.9,1084.0,Mid-Columbia (Mid-C),Winter
2024-01-09,51.44,1935.0,Mid-Columbia (Mid-C),Winter
2024-01-10,62.19,1230.0,Mid-Columbia (Mid-C),Winter
2024-01-11,68.3,1270.0,Mid-Columbia (Mid-C),Winter
2024-01-12,50.85,1691.0,Mid-Columbia (Mid-C),Winter
2024-01-13,39.98,1414.0,Mid-Columbia (Mid-C),Winter
2024-01-14,35.65,1592.0,Mid-Columbia (Mid-C),Winter
2024-01-15,37.06,853.0,Mid-Columbia (Mid-C),Winter
2024-01-16,42.22,1585.0,Mid-Columbia (Mid-C),Winter
2024-01-17,36.82,1565.0,Mid-Columbia (Mid-C),Winter
2024-01-18,39.37,1347.0,Mid-Columbia (Mid-C),Winter
2024-01-19,34.07,878.0,Mid-Columbia (Mid-C),Winter
2024-01-20,30.56,1436.0,Mid-Columbia (Mid-C),Winter
2024-01-21,21.11,1489.0,Mid-Columbia (Mid-C),Winter
2024-01-22,16.66,1390.0,Mid-Columbia (Mid-C),Winter
2024-01-23,9.32,949.0,Mid-Columbia (Mid-C),Winter
2024-01-24,5.85,1978.0,Mid-Columbia (Mid-C),Winter
2024-01-25,19.04,1308.0,Mid-Columbia (Mid-C),Winter
2024-01-26,14.62,1433.0,Mid-Columbia (Mid-C),Winter
2024-01-27,39.38,777.0,Mid-Columbia (Mid-C),Winter
2024-01-28,44.05,1978.0,Mid-Columbia (Mid-C),Winter
2024-01-29,45.69,1360.0,Mid-Columbia (Mid-C),Winter
2024-01-30,38.78,1530.0,Mid-Columbia (Mid-C),Winter
2024-01-31,45.17,1836.0,Mid-Columbia (Mid-C),Winter
2024-02-01,40.57,1297.0,Mid-Columbia (Mid-C),Winter
2024-02-02,42.1,1789.0,Mid-Columbia (Mid-C),Winter
2024-02-03,62.95,882.0,Mid-Columbia (Mid-C),Winter
2024-02-04,60.04,1665.0,Mid-Columbia (Mid-C),Winter
2024-02-05,67.43,1972.0,Mid-Columbia (Mid-C),Winter
2024-02-06,59.11,1326.0,Mid-Columbia (Mid-C),Winter
2024-02-07,57.12,1836.0,Mid-Columbia (Mid-C),Winter
2024-02-08,69.81,2050.0,Mid-Columbia (Mid-C),Winter
2024-02-09,61.78,1424.0,Mid-Columbia (Mid-C),Winter
2024-02-10,74.23,1399.0,Mid-Columbia (Mid-C),Winter
2024-02-11,76.33,1231.0,Mid-Columbia (Mid-C),Winter
2024-02-12,68.01,1347.0,Mid-Columbia (Mid-C),Winter
2024-02-13,70.23,1255.0,Mid-Columbia (Mid-C),Winter
2024-02-14,74.9,1230.0,Mid-Columbia (Mid-C),Winter
2024-02-15,76.19,1860.0,Mid-Columbia (Mid-C),Winter
2024-02-16,59.78,1263.0,Mid-Columbia (Mid-C),Winter
2024-02-17,52.07,1578.0,Mid-Columbia (Mid-C),Winter
2024-02-18,49.11,1511.0,Mid-Columbia (Mid-C),Winter
2024-02-19,47.87,1949.0,Mid-Columbia (Mid-C),Winter
2024-02-20,52.33,1349.0,Mid-Columbia (Mid-C),Winter
2024-02-21,52.7,1614.0,Mid-Columbia (Mid-C),Winter
2024-02-22,40.9,1737.0,Mid-Columbia (Mid-C),Winter
2024-02-23,44.23,1947.0,Mid-Columbia (Mid-C),Winter
2024-02-24,52.83,1345.0,Mid-Columbia (Mid-C),Winter
2024-02-25,52.75,1315.0,Mid-Columbia (Mid-C),Winter
2024-02-26,60.22,1181.0,Mid-Columbia (Mid-C),Winter
2024-02-27,64.8,2171.0,Mid-Columbia (Mid-C),Winter
2024-02-28,65.81,1915.0,Mid-Columbia (Mid-C),Winter
2024-02-29,62.46,1487.0,Mid-Columbia (Mid-C),Winter
2024-03-01,46.76,2079.0,Mid-Columbia (Mid-C),Spring
2024-03-02,49.65,1469.0,Mid-Columbia (Mid-C),Spring
2024-03-03,50.4,1717.0,Mid-Columbia (Mid-C),Spring
2024-03-04,51.56,1503.0,Mid-Columbia (Mid-C),Spring
2024-03-05,40.18,1619.0,Mid-Columbia (Mid-C),Spring
2024-03-06,31.7,1588.0,Mid-Columbia (Mid-C),Spring
2024-03-07,41.31,1373.0,Mid-Columbia (Mid-C),Spring
2024-03-08,40.99,1828.0,Mid-Columbia (Mid-C),Spring
2024-03-09,46.47,1715.0,Mid-Columbia (Mid-C),Spring
2024-03-10,46.05,1808.0,Mid-Columbia (Mid-C),Spring
2024-03-11,45.67,1596.0,Mid-Columbia (Mid-C),Spring
2024-03-12,52.58,1228.0,Mid-Columbia (Mid-C),Spring
2024-03-13,47.02,2013.0,Mid-Columbia (Mid-C),Spring
2024-03-14,47.0,1421.0,Mid-Columbia (Mid-C),Spring
2024-03-15,42.5,1609.0,Mid-Columbia (Mid-C),Spring
2024-03-16,38.74,1691.0,Mid-Columbia (Mid-C),Spring
2024-03-17,36.41,1607.0,Mid-Columbia (Mid-C),Spring
2024-03-18,38.6,1775.0,Mid-Columbia (Mid-C),Spring
2024-03-19,34.9,1822.0,Mid-Columbia (Mid-C),Spring
2024-03-20,45.51,1433.0,Mid-Columbia (Mid-C),Spring
2024-03-21,37.62,1988.0,Mid-Columbia (Mid-C),Spring
2024-03-22,36.32,1420.0,Mid-Columbia (Mid-C),Spring
2024-03-23,33.13,1601.0,Mid-Columbia (Mid-C),Spring
2024-03-24,45.41,1384.0,Mid-Columbia (Mid-C),Spring
2024-03-25,46.19,1298.0,Mid-Columbia (Mid-C),Spring
2024-03-26,53.54,1813.0,Mid-Columbia (Mid-C),Spring
2024-03-27,39.86,2437.0,Mid-Columbia (Mid-C),Spring
2024-03-28,41.82,1391.0,Mid-Columbia (Mid-C),Spring
2024-03-29,48.51,1865.0,Mid-Columbia (Mid-C),Spring
2024-03-30,47.93,1402.0,Mid-Columbia (Mid-C),Spring
2024-03-31,55.26,1497.0,Mid-Columbia (Mid-C),Spring
2024-04-01,49.04,2027.0,Mid-Columbia (Mid-C),Spring
2024-04-02,58.96,1178.0,Mid-Columbia (Mid-C),Spring
2024-04-03,74.79,1099.0,Mid-Columbia (Mid-C),Spring
2024-04-04,67.42,1474.0,Mid-Columbia (Mid-C),Spring
2024-04-05,60.26,1699.0,Mid-Columbia (Mid-C),Spring
2024-04-06,69.13,1639.0,Mid-Columbia (Mid-C),Spring
2024-04-07,77.94,1608.0,Mid-Columbia (Mid-C),Spring
2024-04-08,68.86,1510.0,Mid-Columbia (Mid-C),Spring
2024-04-09,61.67,1736.0,Mid-Columbia (Mid-C),Spring
2024-04-10,56.45,626.0,Mid-Columbia (Mid-C),Spring
2024-04-11,43.34,1275.0,Mid-Columbia (Mid-C),Spring
2024-04-12,35.2,1472.0,Mid-Columbia (Mid-C),Spring
2024-04-13,27.35,1711.0,Mid-Columbia (Mid-C),Spring
2024-04-14,22.32,1947.0,Mid-Columbia (Mid-C),Spring
2024-04-15,23.75,1234.0,Mid-Columbia (Mid-C),Spring
2024-04-16,27.15,1937.0,Mid-Columbia (Mid-C),Spring
2024-04-17,40.66,1364.0,Mid-Columbia (Mid-C),Spring
2024-04-18,32.16,1461.0,Mid-Columbia (Mid-C),Spring
2024-04-19,40.53,1674.0,Mid-Columbia (Mid-C),Spring
2024-04-20,38.31,1439.0,Mid-Columbia (Mid-C),Spring
2024-04-21,37.67,1833.0,Mid-Columbia (Mid-C),Spring
2024-04-22,42.89,1379.0,Mid-Columbia (Mid-C),Spring
2024-04-23,33.11,1383.0,Mid-Columbia (Mid-C),Spring
2024-04-24,36.53,1816.0,Mid-Columbia (Mid-C),Spring
2024-04-25,37.82,1271.0,Mid-Columbia (Mid-C),Spring
2024-04-26,41.56,1575.0,Mid-Columbia (Mid-C),Spring
2024-04-27,43.22,1002.0,Mid-Columbia (Mid-C),Spring
2024-04-28,62.02,2046.0,Mid-Columbia (Mid-C),Spring
2024-04-29,53.81,1862.0,Mid-Columbia (Mid-C),Spring
2024-04-30,47.45,2325.0,Mid-Columbia (Mid-C),Spring
2024-05-01,41.11,1902.0,Mid-Columbia (Mid-C),Spring
2024-05-02,36.08,1161.0,Mid-Columbia (Mid-C),Spring
2024-05-03,31.01,1701.0,Mid-Columbia (Mid-C),Spring
2024-05-04,41.15,1225.0,Mid-Columbia (Mid-C),Spring
2024-05-05,51.94,1973.0,Mid-Columbia (Mid-C),Spring
2024-05-06,45.51,1170.0,Mid-Columbia (Mid-C),Spring
2024-05-07,37.77,1155.0,Mid-Columbia (Mid-C),Spring
2024-05-08,41.39,1017.0,Mid-Columbia (Mid-C),Spring
2024-05-09,36.4,1353.0,Mid-Columbia (Mid-C),Spring
2024-05-10,41.5,1293.0,Mid-Columbia (Mid-C),Spring
2024-05-11,42.55,1122.0,Mid-Columbia (Mid-C),Spring
2024-05-12,29.74,2097.0,Mid-Columbia (Mid-C),Spring
2024-05-13,42.99,1659.0,Mid-Columbia (Mid-C),Spring
2024-05-14,56.65,1624.0,Mid-Columbia (Mid-C),Spring
2024-05-15,49.41,1977.0,Mid-Columbia (Mid-C),Spring
2024-05-16,44.85,1577.0,Mid-Columbia (Mid-C),Spring
2024-05-17,46.24,1275.0,Mid-Columbia (Mid-C),Spring
2024-05-18,47.87,990.0,Mid-Columbia (Mid-C),Spring
2024-05-19,51.92,1258.0,Mid-Columbia (Mid-C),Spring
2024-05-20,91.43,1952.0,Mid-Columbia (Mid-C),Spring
2024-05-21,61.49,1123.0,Mid-Columbia (Mid-C),Spring
2024-05-22,60.01,1606.0,Mid-Columbia (Mid-C),Spring
2024-05-23,39.57,1810.0,Mid-Columbia (Mid-C),Spring
2024-05-24,33.59,1586.0,Mid-Columbia (Mid-C),Spring
2024-05-25,33.92,1620.0,Mid-Columbia (Mid-C),Spring
2024-05-26,48.86,1697.0,Mid-Columbia (Mid-C),Spring
2024-05-27,43.52,1614.0,Mid-Columbia (Mid-C),Spring
2024-05-28,44.78,1983.0,Mid-Columbia (Mid-C),Spring
2024-05-29,43.99,1188.0,Mid-Columbia (Mid-C),Spring
2024-05-30,52.95,1572.0,Mid-Columbia (Mid-C),Spring
2024-05-31,71.57,955.0,Mid-Columbia (Mid-C),Spring
2024-06-01,63.52,878.0,Mid-Columbia (Mid-C),Summer
2024-06-02,56.79,1475.0,Mid-Columbia (Mid-C),Summer
2024-06-03,63.16,1663.0,Mid-Columbia (Mid-C),Summer
2024-06-04,65.89,1989.0,Mid-Columbia (Mid-C),Summer
2024-06-05,77.64,2226.0,Mid-Columbia (Mid-C),Summer
2024-06-06,77.91,1896.0,Mid-Columbia (Mid-C),Summer
2024-06-07,70.62,1718.0,Mid-Columbia (Mid-C),Summer
2024-06-08,71.83,1548.0,Mid-Columbia (Mid-C),Summer
2024-06-09,77.07,1041.0,Mid-Columbia (Mid-C),Summer
2024-06-10,79.4,1456.0,Mid-Columbia (Mid-C),Summer
2024-06-11,78.97,1887.0,Mid-Columbia (Mid-C),Summer
2024-06-12,83.1,1769.0,Mid-Columbia (Mid-C),Summer
2024-06-13,87.58,1114.0,Mid-Columbia (Mid-C),Summer
2024-06-14,93.26,1684.0,Mid-Columbia (Mid-C),Summer
2024-06-15,92.41,1659.0,Mid-Columbia (Mid-C),Summer
2024-06-16,85.17,1605.0,Mid-Columbia (Mid-C),Summer
2024-06-17,81.34,1492.0,Mid-Columbia (Mid-C),Summer
2024-06-18,86.48,1700.0,Mid-Columbia (Mid-C),Summer
2024-06-19,110.89,1709.0,Mid-Columbia (Mid-C),Summer
2024-06-20,74.11,1308.0,Mid-Columbia (Mid-C),Summer
2024-06-21,67.4,1637.0,Mid-Columbia (Mid-C),Summer
2024-06-22,64.9,1443.0,Mid-Columbia (Mid-C),Summer
2024-06-23,72.73,1054.0,Mid-Columbia (Mid-C),Summer
2024-06-24,70.96,1332.0,Mid-Columbia (Mid-C),Summer
2024-06-25,68.26,1031.0,Mid-Columbia (Mid-C),Summer
2024-06-26,54.67,1794.0,Mid-Columbia (Mid-C),Summer
2024-06-27,59.59,1607.0,Mid-Columbia (Mid-C),Summer
2024-06-28,63.14,1393.0,Mid-Columbia (Mid-C),Summer
2024-06-29,78.44,1926.0,Mid-Columbia (Mid-C),Summer
2024-06-30,72.16,1520.0,Mid-Columbia (Mid-C),Summer
2024-07-01,101.13,1071.0,Mid-Columbia (Mid-C),Summer
2024-07-02,70.03,1368.0,Mid-Columbia (Mid-C),Summer
2024-07-03,79.93,1990.0,Mid-Columbia (Mid-C),Summer
2024-07-04,75.29,1299.0,Mid-Columbia (Mid-C),Summer
2024-07-05,74.23,1583.0,Mid-Columbia (Mid-C),Summer
2024-07-06,75.95,1723.0,Mid-Columbia (Mid-C),Summer
2024-07-07,74.12,1677.0,Mid-Columbia (Mid-C),Summer
2024-07-08,67.48,2235.0,Mid-Columbia (Mid-C),Summer
2024-07-09,66.79,1147.0,Mid-Columbia (Mid-C),Summer
2024-07-10,73.24,1177.0,Mid-Columbia (Mid-C),Summer
2024-07-11,62.14,1152.0,Mid-Columbia (Mid-C),Summer
2024-07-12,61.68,1411.0,Mid-Columbia (Mid-C),Summer
2024-07-13,54.63,1830.0,Mid-Columbia (Mid-C),Summer
2024-07-14,63.61,1190.0,Mid-Columbia (Mid-C),Summer
2024-07-15,49.8,1834.0,Mid-Columbia (Mid-C),Summer
2024-07-16,45.38,1511.0,Mid-Columbia (Mid-C),Summer
2024-07-17,49.0,1167.0,Mid-Columbia (Mid-C),Summer
2024-07-18,61.72,975.0,Mid-Columbia (Mid-C),Summer
2024-07-19,59.88,1042.0,Mid-Columbia (Mid-C),Summer
2024-07-20,54.37,1300.0,Mid-Columbia (Mid-C),Summer
2024-07-21,69.04,1449.0,Mid-Columbia (Mid-C),Summer
2024-07-22,55.33,1904.0,Mid-Columbia (Mid-C),Summer
2024-07-23,37.28,1740.0,Mid-Columbia (Mid-C),Summer
2024-07-24,42.52,1248.0,Mid-Columbia (Mid-C),Summer
2024-07-25,39.62,1623.0,Mid-Columbia (Mid-C),Summer
2024-07-26,32.94,1995.0,Mid-Columbia (Mid-C),Summer
2024-07-27,40.91,2062.0,Mid-Columbia (Mid-C),Summer
2024-07-28,44.22,1406.0,Mid-Columbia (Mid-C),Summer
2024-07-29,40.69,1787.0,Mid-Columbia (Mid-C),Summer
2024-07-30,31.87,1917.0,Mid-Columbia (Mid-C),Summer
2024-07-31,41.34,1048.0,Mid-Columbia (Mid-C),Summer
2024-08-01,47.91,1346.0,Mid-Columbia (Mid-C),Summer
2024-08-02,47.72,2166.0,Mid-Columbia (Mid-C),Summer
2024-08-03,63.12,1410.0,Mid-Columbia (Mid-C),Summer
2024-08-04,53.36,621.0,Mid-Columbia (Mid-C),Summer
2024-08-05,41.13,1464.0,Mid-Columbia (Mid-C),Summer
2024-08-06,37.06,1837.0,Mid-Columbia (Mid-C),Summer
2024-08-07,38.65,1502.0,Mid-Columbia (Mid-C),Summer
2024-08-08,42.37,1715.0,Mid-Columbia (Mid-C),Summer
2024-08-09,41.78,1781.0,Mid-Columbia (Mid-C),Summer
2024-08-10,46.01,1394.0,Mid-Columbia (Mid-C),Summer
2024-08-11,36.91,1344.0,Mid-Columbia (Mid-C),Summer
2024-08-12,50.47,1546.0,Mid-Columbia (Mid-C),Summer
2024-08-13,50.2,1553.0,Mid-Columbia (Mid-C),Summer
2024-08-14,59.57,1516.0,Mid-Columbia (Mid-C),Summer
2024-08-15,61.62,1529.0,Mid-Columbia (Mid-C),Summer
2024-08-16,64.34,1275.0,Mid-Columbia (Mid-C),Summer
2024-08-17,67.64,1725.0,Mid-Columbia (Mid-C),Summer
2024-08-18,69.56,1680.0,Mid-Columbia (Mid-C),Summer
2024-08-19,72.82,1099.0,Mid-Columbia (Mid-C),Summer
2024-08-20,81.18,1383.0,Mid-Columbia (Mid-C),Summer
2024-08-21,79.48,1528.0,Mid-Columbia (Mid-C),Summer
2024-08-22,82.07,1340.0,Mid-Columbia (Mid-C),Summer
2024-08-23,77.97,1691.0,Mid-Columbia (Mid-C),Summer
2024-08-24,86.59,1480.0,Mid-Columbia (Mid-C),Summer
2024-08-25,77.24,1551.0,Mid-Columbia (Mid-C),Summer
2024-08-26,88.83,1380.0,Mid-Columbia (Mid-C),Summer
2024-08-27,84.3,902.0,Mid-Columbia (Mid-C),Summer
2024-08-28,69.18,885.0,Mid-Columbia (Mid-C),Summer
2024-08-29,68.34,1677.0,Mid-Columbia (Mid-C),Summer
2024-08-30,61.12,1580.0,Mid-Columbia (Mid-C),Summer
2024-08-31,66.93,1632.0,Mid-Columbia (Mid-C),Summer
2024-09-01,60.09,1540.0,Mid-Columbia (Mid-C),Fall
2024-09-02,55.72,1564.0,Mid-Columbia (Mid-C),Fall
2024-09-03,40.31,1791.0,Mid-Columbia (Mid-C),Fall
2024-09-04,38.24,1633.0,Mid-Columbia (Mid-C),Fall
2024-09-05,20.64,1812.0,Mid-Columbia (Mid-C),Fall
2024-09-06,11.86,1551.0,Mid-Columbia (Mid-C),Fall
2024-09-07,22.87,1410.0,Mid-Columbia (Mid-C),Fall
2024-09-08,32.76,1558.0,Mid-Columbia (Mid-C),Fall
2024-09-09,38.56,1249.0,Mid-Columbia (Mid-C),Fall
2024-09-10,32.52,1386.0,Mid-Columbia (Mid-C),Fall
2024-09-11,34.54,1553.0,Mid-Columbia (Mid-C),Fall
2024-09-12,36.66,1549.0,Mid-Columbia (Mid-C),Fall
2024-09-13,29.27,1468.0,Mid-Columbia (Mid-C),Fall
2024-09-14,44.05,1084.0,Mid-Columbia (Mid-C),Fall
2024-09-15,52.03,1691.0,Mid-Columbia (Mid-C),Fall
2024-09-16,50.25,1750.0,Mid-Columbia (Mid-C),Fall
2024-09-17,50.66,1993.0,Mid-Columbia (Mid-C),Fall
2024-09-18,52.45,1633.0,Mid-Columbia (Mid-C),Fall
2024-09-19,36.01,1500.0,Mid-Columbia (Mid-C),Fall
2024-09-20,35.88,1196.0,Mid-Columbia (Mid-C),Fall
2024-09-21,32.27,1948.0,Mid-Columbia (Mid-C),Fall
2024-09-22,26.52,1574.0,Mid-Columbia (Mid-C),Fall
2024-09-23,27.21,1558.0,Mid-Columbia (Mid-C),Fall
2024-09-24,44.43,1424.0,Mid-Columbia (Mid-C),Fall
2024-09-25,50.31,1405.0,Mid-Columbia (Mid-C),Fall
2024-09-26,45.77,1706.0,Mid-Columbia (Mid-C),Fall
2024-09-27,50.91,1194.0,Mid-Columbia (Mid-C),Fall
2024-09-28,62.02,1988.0,Mid-Columbia (Mid-C),Fall
2024-09-29,67.99,1922.0,Mid-Columbia (Mid-C),Fall
2024-09-30,66.3,1394.0,Mid-Columbia (Mid-C),Fall
2024-10-01,59.15,1241.0,Mid-Columbia (Mid-C),Fall
2024-10-02,73.61,895.0,Mid-Columbia (Mid-C),Fall
2024-10-03,65.05,1125.0,Mid-Columbia (Mid-C),Fall
2024-10-04,70.33,1719.0,Mid-Columbia (Mid-C),Fall
2024-10-05,72.88,1595.0,Mid-Columbia (Mid-C),Fall
2024-10-06,78.41,1648.0,Mid-Columbia (Mid-C),Fall
2024-10-07,70.59,946.0,Mid-Columbia (Mid-C),Fall
2024-10-08,78.51,1381.0,Mid-Columbia (Mid-C),Fall
2024-10-09,76.5,1910.0,Mid-Columbia (Mid-C),Fall
2024-10-10,89.73,1471.0,Mid-Columbia (Mid-C),Fall
2024-10-11,79.25,1118.0,Mid-Columbia (Mid-C),Fall
2024-10-12,89.4,1467.0,Mid-Columbia (Mid-C),Fall
2024-10-13,86.02,1269.0,Mid-Columbia (Mid-C),Fall
2024-10-14,76.23,1600.0,Mid-Columbia (Mid-C),Fall
2024-10-15,68.94,1506.0,Mid-Columbia (Mid-C),Fall
2024-10-16,63.81,1663.0,Mid-Columbia (Mid-C),Fall
2024-10-17,65.24,1135.0,Mid-Columbia (Mid-C),Fall
2024-10-18,67.27,1365.0,Mid-Columbia (Mid-C),Fall
2024-10-19,60.27,1827.0,Mid-Columbia (Mid-C),Fall
2024-10-20,58.48,1094.0,Mid-Columbia (Mid-C),Fall
2024-10-21,74.23,1199.0,Mid-Columbia (Mid-C),Fall
2024-10-22,84.76,1560.0,Mid-Columbia (Mid-C),Fall
2024-10-23,83.68,1586.0,Mid-Columbia (Mid-C),Fall
2024-10-24,79.52,1353.0,Mid-Columbia (Mid-C),Fall
2024-10-25,76.51,1416.0,Mid-Columbia (Mid-C),Fall
2024-10-26,77.79,1660.0,Mid-Columbia (Mid-C),Fall
2024-10-27,65.81,1755.0,Mid-Columbia (Mid-C),Fall
2024-10-28,61.39,1179.0,Mid-Columbia (Mid-C),Fall
2024-10-29,46.19,1609.0,Mid-Columbia (Mid-C),Fall
2024-10-30,49.34,1954.0,Mid-Columbia (Mid-C),Fall
2024-10-31,54.09,1465.0,Mid-Columbia (Mid-C),Fall
2024-11-01,49.21,1176.0,Mid-Columbia (Mid-C),Fall
2024-11-02,61.36,1162.0,Mid-Columbia (Mid-C),Fall
2024-11-03,49.65,1452.0,Mid-Columbia (Mid-C),Fall
2024-11-04,37.42,1811.0,Mid-Columbia (Mid-C),Fall
2024-11-05,40.17,1488.0,Mid-Columbia (Mid-C),Fall
2024-11-06,49.15,1557.0,Mid-Columbia (Mid-C),Fall
2024-11-07,62.14,1201.0,Mid-Columbia (Mid-C),Fall
2024-11-08,56.42,1795.0,Mid-Columbia (Mid-C),Fall
2024-11-09,63.68,1156.0,Mid-Columbia (Mid-C),Fall
2024-11-10,61.12,1349.0,Mid-Columbia (Mid-C),Fall
2024-11-11,57.79,1689.0,Mid-Columbia (Mid-C),Fall
2024-11-12,63.3,888.0,Mid-Columbia (Mid-C),Fall
2024-11-13,66.3,1552.0,Mid-Columbia (Mid-C),Fall
2024-11-14,51.1,1188.0,Mid-Columbia (Mid-C),Fall
2024-11-15,62.14,1505.0,Mid-Columbia (Mid-C),Fall
2024-11-16,71.08,1394.0,Mid-Columbia (Mid-C),Fall
2024-11-17,62.89,2132.0,Mid-Columbia (Mid-C),Fall
2024-11-18,63.86,1382.0,Mid-Columbia (Mid-C),Fall
2024-11-19,65.49,2053.0,Mid-Columbia (Mid-C),Fall
2024-11-20,65.05,1676.0,Mid-Columbia (Mid-C),Fall
2024-11-21,58.18,1260.0,Mid-Columbia (Mid-C),Fall
2024-11-22,51.16,1599.0,Mid-Columbia (Mid-C),Fall
2024-11-23,50.14,1409.0,Mid-Columbia (Mid-C),Fall
2024-11-24,58.84,1573.0,Mid-Columbia (Mid-C),Fall
2024-11-25,61.45,1286.0,Mid-Columbia (Mid-C),Fall
2024-11-26,56.44,2007.0,Mid-Columbia (Mid-C),Fall
2024-11-27,61.16,1778.0,Mid-Columbia (Mid-C),Fall
2024-11-28,36.36,1510.0,Mid-Columbia (Mid-C),Fall
2024-11-29,46.51,2019.0,Mid-Columbia (Mid-C),Fall
2024-11-30,32.34,1522.0,Mid-Columbia (Mid-C),Fall
2024-12-01,30.88,1829.0,Mid-Columbia (Mid-C),Winter
2024-12-02,23.55,1511.0,Mid-Columbia (Mid-C),Winter
2024-12-03,15.69,1618.0,Mid-Columbia (Mid-C),Winter
2024-12-04,28.42,1476.0,Mid-Columbia (Mid-C),Winter
2024-12-05,26.6,1529.0,Mid-Columbia (Mid-C),Winter
2024-12-06,31.52,1551.0,Mid-Columbia (Mid-C),Winter
2024-12-07,32.7,1299.0,Mid-Columbia (Mid-C),Winter
2024-12-08,37.93,1380.0,Mid-Columbia (Mid-C),Winter
2024-12-09,94.21,1435.0,Mid-Columbia (Mid-C),Winter
2024-12-10,29.69,1569.0,Mid-Columbia (Mid-C),Winter
2024-12-11,39.45,1491.0,Mid-Columbia (Mid-C),Winter
2024-12-12,36.12,1852.0,Mid-Columbia (Mid-C),Winter
2024-12-13,53.82,1754.0,Mid-Columbia (Mid-C),Winter
2024-12-14,23.66,1441.0,Mid-Columbia (Mid-C),Winter
2024-12-15,38.19,1915.0,Mid-Columbia (Mid-C),Winter
2024-12-16,45.78,2062.0,Mid-Columbia (Mid-C),Winter
2024-12-17,42.87,887.0,Mid-Columbia (Mid-C),Winter
2024-12-18,40.3,1780.0,Mid-Columbia (Mid-C),Winter
2024-12-19,38.27,1292.0,Mid-Columbia (Mid-C),Winter
2024-12-20,55.68,1740.0,Mid-Columbia (Mid-C),Winter
2024-12-21,57.44,1871.0,Mid-Columbia (Mid-C),Winter
2024-12-22,59.39,1237.0,Mid-Columbia (Mid-C),Winter
2024-12-23,65.9,944.0,Mid-Columbia (Mid-C),Winter
2024-12-24,65.31,1751.0,Mid-Columbia (Mid-C),Winter
2024-12-25,60.81,1541.0,Mid-Columbia (Mid-C),Winter
2024-12-26,57.35,999.0,Mid-Columbia (Mid-C),Winter
2024-12-27,55.31,2259.0,Mid-Columbia (Mid-C),Winter
2024-12-28,53.8,1687.0,Mid-Columbia (Mid-C),Winter
2024-12-29,58.59,1701.0,Mid-Columbia (Mid-C),Winter
2024-12-30,57.41,1910.0,Mid-Columbia (Mid-C),Winter
2024-12-31,61.81,1326.0,Mid-Columbia (Mid-C),Winter
